albert_fail,52a72939-56a6-3313-a06b-386d0e440f10
mcstorm_io_ermoi,fa201523-512a-3421-9305-50b8366780d8
jdmc146,7c2feec5-bede-3105-bf11-55391ecfb06a
mcstorm_io_nqsej,b6a7a5ed-533a-38d2-ab89-789e2634f5c4
turtros,9b061b43-dc96-3980-a898-04f1abe7322e
mcstorm_io_jhxyc,60c52e53-4ad6-3090-9119-79b77a34c923
mcstorm_io_lyceo,28db9fc8-f92f-30bd-a12a-2e191ff1db8e
imikonoko,503e5c5a-fc0a-3310-9762-29308d51b473
mcstorm_io_cetzv,812c60bb-4c88-3cf8-b87f-ebdaaf6de76a
soyaangeel,f69fd629-2518-34c5-9029-c7d365e7cec6
mcstorm_io_ckbet,719e0c07-6a69-372b-baa8-6fc751a01b8f
mcstorm_io_sufve,40806b32-993d-3502-b88f-266c8c1ac71c
mcstorm_io_osipa,b0b73fc7-f25c-35cd-9c79-aac91fdb5cfc
mcstorm_io_xjejd,61dd771c-742f-344f-acd9-f968dc8a5bae
andiricum2,0ca63922-b5d5-36c7-8892-10e0fdcb3da5
mcstorm_io_hglzj,96bf380b-e700-3b25-8591-611f75e24f72
dialexmond,c152eb0a-38d1-3f8a-b6c0-b8cbd7f02450
mcstorm_io_nyhze,20aa7d4b-5fc9-375a-934f-ce903c29dda0
mcstorm_io_cxuck,ef7d5763-68d4-320e-a504-6cc244bb6dd4
mcstorm_io_uxwvp,d3d531be-b9de-38b1-bfce-6413c42dc148
mayuchan,56279047-2377-353e-8d57-bfaa31acdd3b
mcstorm_io_kuiyc,f400f8d5-9a7a-33e6-bd63-4e61f333888d
mcstorm_io_sfear,5a1a2cde-1871-3d2d-bd4c-2187a91a25d3
mcstorm_io_lzcah,ebde710b-5184-30d6-9a74-23213bdcc365
dory,1cdb7bac-e4b0-311c-9162-b92de0cc6d60
mcstorm_io_brdpb,f2448ee3-5f5b-3cc6-ada9-e8f5a07f2647
mcstorm_io_cmmtl,d9bde7ef-e9bd-3ca9-a7f9-802064d5978a
mcstorm_io_qudgz,0ea3d0e8-2339-393c-9896-baa3ec38a700
mcstorm_io_yhfyt,c1d25103-e261-3c50-ad58-50ff9cb72d8f
petetlex,59a440bd-a2e3-3c7f-a5de-5ee93ab280bd
daniribbaa,2f34cba0-1d88-3cf5-8776-f0e17e7193bd
mcstorm_io_hdkcy,e0cd80ee-641d-3c8a-bebd-dd061786d5c2
mcstorm_io_ppnil,1d768559-c2e1-3acf-9ed4-f642c9ef76d4
andaluciangirl,e1274219-a1b5-33d0-bb32-23b0bcdc1090
mcstorm_io_kxkrj,f9335697-c119-3a0d-810a-1aa7d9ce3268
manu77773p,dc2dbcb8-7bad-37ba-a21d-9590a7e810e8
mcstorm_io_vfkwt,01bb79d8-79c3-3003-9cf0-e8665b2c5b81
mcstorm_io_uyrhn,00e423a3-a743-34c8-ae21-b96010cc6bb4
mcstorm_io_sbqbe,c1d0af55-0bf9-30d0-ae48-671533ac8fe1
mcstorm_io_wmqxg,645828fc-aa63-3af3-a427-0233d378010e
mcstorm_io_mvuyt,77a2873d-c045-3a5f-bc29-8289584b2284
nini4k,d6762391-6bb6-3a78-9a54-81eb59d94c36
mcstorm_io_tyvkl,a5318ab9-da25-3a6d-8c80-a093d2053485
mcstorm_io_xqzbf,fa3ba4c1-bfdc-3c62-b9ad-95d4330038a0
mcstorm_io_ytesd,e8c86d26-4262-3ec6-8735-f5ca84a7e4cd
mcstorm_io_zzoyi,3c46a40e-ac2b-338a-800c-c3a104ec712d
mcstorm_io_jvvjf,1ac1a0a0-1aeb-3a22-b447-7741bf4a1fe0
mcstorm_io_zgnnz,ef56f099-bb39-3c1a-ba8e-19daf48f096b
mcstorm_io_ueeis,234a6b22-74af-3a6c-8b3f-d918359535e9
mcstorm_io_yqpqv,90fe280d-639e-306a-aef0-82bea604e835
mcstorm_io_oottp,bcf03bab-ac18-33d0-87bb-eadbfdc95bbb
mcstorm_io_rowdu,364e6ccf-11cc-3dbb-a16c-1326f06743c1
mcstorm_io_tpudu,448ccf58-421f-31cb-9f8e-f11b2b62e873
marga7000,81c9b350-4fb7-3d94-b0ab-2d1c40596473
mcstorm_io_ksphm,61985214-fe4b-3790-967d-73f4b04bd49e
mcstorm_io_wmqqo,29f08719-c70e-3608-aeac-e6b73482e42a
mcstorm_io_ppqqm,c55fff25-e835-3034-94db-3294be613c45
mcstorm_io_ckfqd,ab873830-d6cd-3b92-a8e7-24ce87b22837
mcstorm_io_zrtvc,d930efbd-014f-3c5e-abe2-0707b3bdf90d
mcstorm_io_avcau,6426ee16-e631-36b1-bf39-67d74ded6d09
denarynote66344,58d65817-a7ff-3075-8302-9c33ce42fe96
mcstorm_io_mcxpc,8fd94384-2638-3296-8807-b60b4447ab2b
mcstorm_io_vmsxv,68675cc3-bdd4-3fc3-9d9f-5c9f5163542f
mcstorm_io_yfnig,5358fae6-b1d0-3778-9a20-184c8b537b61
mcstorm_io_dqlhi,9a2a9457-9d38-3002-b61c-79cf9bc28174
mcstorm_io_dpzfz,114088d6-913a-3939-a349-284aa4c12540
mcstorm_io_gcqhs,d13a086f-d292-3dd2-96df-c01ea56e5d67
mcstorm_io_wnvxx,036e0ee1-2874-3cfe-a852-18a426352db5
greninjax2,bbd1b0ef-ba37-3d9b-8f37-e0c62aa3ed57
_caarloos_,0b0fae9b-0b1e-3596-838f-4a3ebd40e745
mcstorm_io_hcqlp,9e3144c6-ab08-34e1-b97d-e22cb8da6ada
mcstorm_io_vffsb,a7d108f6-2c76-32ae-be55-6ab6c8c048c6
mcstorm_io_nfuoi,36b13e94-7b34-384e-aef9-2fbdf2c9aae8
mcstorm_io_sjezo,acc25427-a411-351a-88e7-610304155f79
lautimalo3d,ac82b44f-086b-319f-bad1-a6ba3e4bb9bf
mcstorm_io_pwdat,420666ec-b25e-36b3-806b-f1c84ba41e59
mcstorm_io_szsem,94c6b08b-5495-34af-b1ce-d631c5acd246
mcstorm_io_aadch,c745ea5a-45d2-373a-aef9-97d1fc694918
mcstorm_io_sltqg,092d64fa-cc80-34cf-8eb1-ae822ac2230e
michi_melody,7f517ca4-94cf-36fd-87ac-04ee68e0fe02
mcstorm_io_yktec,5326a1ff-5017-3802-bae9-c9b3c4f9be44
mcstorm_io_xultt,c2a5095f-3e32-3af3-9f4f-ad21c0a74f94
mcstorm_io_zzhhh,4e71ec6b-3c7a-3c40-a727-b6ff195de425
mcstorm_io_eatme,02c882ee-491f-3635-a06d-ee8457957a03
mcstorm_io_squan,5938f32b-a39e-38ff-be8c-08e5c02dcdb9
mcstorm_io_fzmzu,0b8f084a-68f9-3f9d-8222-4955019d240f
mcstorm_io_hkqwu,79f83bc7-be72-3221-b1d3-4cf93ab15287
mcstorm_io_ndsro,cd2b4787-a6a8-3b09-8b24-c30c0ce41822
adrianelmagico,38d473f6-609d-3ea4-a729-5193b4bbe12c
awauwu333,1a7ff154-d6b1-3550-8ea1-652f66411f76
mcstorm_io_owzkx,42ceb175-d0d0-3a4b-84e7-a4484de23c95
mcstorm_io_ylsbw,852ec325-3825-3a57-aeda-d168f401e86d
mcstorm_io_dbysm,2ba2fc50-0b55-3052-9f9d-3eb69aeca257
bingsoy,55c5cc86-a064-343e-ae2f-7ec2f2444896
mcstorm_io_otyru,53eba597-81f4-347d-8044-f649139b1661
mcstorm_io_tzulh,c4a45578-a7b1-3480-a8e7-2e2c3dceb617
ancabe10,85c04ab6-4790-3e57-a6dc-9e13d0910e65
enfoquen,81b7fbb0-40c4-36bd-8382-4eb293e88c10
mcstorm_io_iikrs,af1bdc19-dcce-3f16-8e1a-f5bf82243a51
mcstorm_io_gbvxe,5418504e-8511-333d-8307-4f2b3faf0e59
_sunerk,a2971ff9-e761-3740-aeb0-ac5612e712f9
draskuru,7665803c-9e8a-37db-b92f-653cd5b2ec03
lahemoglobina,72ba8b5a-569e-3913-9f66-9ba76068c1f2
mcstorm_io_wzcrt,0c101844-1d0d-3e64-97d5-faadb2d93073
mcstorm_io_sgpvn,2eb87aa4-6866-312a-a56f-188ddd9349e2
mcstorm_io_emulr,aa676b5a-7756-3104-bee4-7bbda46a7d65
hds123,036d7b52-366c-34a4-a244-f3c610fc571d
mcstorm_io_uesir,a05ff886-a211-358b-aa21-d72dcbb8c326
lorbax,a70602a8-d019-30e3-a524-e041f99b8a93
mcstorm_io_mgtyl,88943846-d5c2-3456-840c-cfd9ad7dd01a
mcstorm_io_molaa,aa92b469-deb6-3d65-bdbe-63bde4c209a5
panda15,6f85a294-aeb2-3579-a4c8-d86df38b6653
pol202020,6aee5ef0-3c84-3266-a023-0eae79a00df0
mcstorm_io_aoawn,62a199d0-3968-3bbc-ae3b-9f7543623bbf
mcstorm_io_lfbcm,45796786-1850-3128-8edf-f59f638b3dcd
mcstorm_io_mxjsn,cecfb628-d184-3951-a0ff-f8dcf7cf36d7
mcstorm_io_wnizz,e0dc506f-bfc3-3b74-bdcc-2609b8519f0a
mcstorm_io_spkff,0b5cb2a4-9cf4-3f72-9f56-558bf3c176b2
mcstorm_io_rqcpo,c63ff093-2d9f-3c8f-809d-a6101818958b
juncahacks,7fcba7b9-9396-3479-8816-cd9e67c950f3
mcstorm_io_nnacb,ce8fe885-ae76-3c6d-bbb6-49544dcfd375
mcstorm_io_gllpg,2a915ec3-7c42-3ffb-94c3-177697a46330
mcstorm_io_hvmxg,6fefdeab-c77b-3469-ba48-c9f05dd68d51
sraxeldiamante,cecb2976-e9fb-3f5f-89e7-fbc4132090d0
mcstorm_io_emdun,801eedac-48e8-3598-9bfc-608dd76c96fe
mcstorm_io_iyoyj,fcc8e796-087e-371b-b38e-92f2107a200a
mcstorm_io_xcvzy,32cd15d8-b6b4-3d89-8779-bfb25ba0bcef
mcstorm_io_nhbxc,fc2cae82-b632-3795-8691-d2cd308d3197
mcstorm_io_hjqba,51f6dd28-ddff-3ea3-aad4-3f58dcfefd0f
mcstorm_io_klusb,37329348-1de3-3349-a4d7-ffda48313131
mcstorm_io_lvlfu,b558b5a3-0971-3f6b-b386-db0752a3b34d
mcstorm_io_eegsj,d0b30aef-8ae0-3cf2-be12-e4fc0dd7dc1a
mcstorm_io_ovcti,9a2863e1-7677-3e98-97f0-adf7bcb5740d
llampec777,37d0b21e-80d0-363b-8d6d-6706eeb95971
jordirojoyt31,f5ba4d2d-d0c9-370b-9ffb-f48a751278ee
fexxopapasito,b3a3b00b-b884-3581-86c3-72d0617a42fd
mcstorm_io_szpqk,fdde7360-88fe-397f-89a2-14bd5c40c0e5
mcstorm_io_xlosa,3b4f40dd-749b-39cc-9b5f-6080fba58c01
mcstorm_io_ffaig,73d4dd96-7631-36d4-bc16-08f31f0d2132
mcstorm_io_lfzqb,fdef13cf-0c27-3cab-a7ab-dae33f937ff7
mcstorm_io_qiceb,b4bb21ae-b560-3b57-b035-6b9186dc61a5
smc,52d0d63a-9462-309f-9ce5-ea495b0ed856
mcstorm_io_fbmmh,3bd98a07-150f-3ad6-803b-bc147ef2d107
mcstorm_io_bbbab,bd1153ef-0660-3c1b-8aaa-63bc2457c35c
mcstorm_io_ilypo,84466834-50ed-3b7b-b838-ea5f152cc98e
mcstorm_io_eoofj,ef5e693f-93c5-3515-8d17-7cd9789c437a
mcstorm_io_icggz,9fa71c8a-82f9-36ab-90d0-1b29df697ee4
mcstorm_io_kvsph,7b13c968-aaac-3566-bc04-1821f47beb99
mcstorm_io_hhpii,7d323918-b8f7-338c-81bb-186c707922b1
mcstorm_io_kvwxk,2a6262a6-b18f-3045-a2d7-c07412d6171a
xxmartiaxx,1ff6a92f-58d3-3441-a3cd-aef1349a05e3
mcstorm_io_irrqt,514a5d74-e92f-36e5-8758-00a0d3c02bb6
mcstorm_io_vwqnc,80e26f9f-a6a2-3bb1-94a6-8519e32483f5
mcstorm_io_rhxru,bfd64fd1-2145-346e-bb82-4f339a412b9a
agus_rodriguez,325ba368-174f-3110-8da5-d9b7f6962826
mcstorm_io_jwtiw,17fc6c8b-3f30-3a03-bc50-50b84f209198
mcstorm_io_rhpbv,f52cd724-000b-3899-ada1-f1a9eebdf342
mcstorm_io_aybzu,80a97102-ebb9-3a32-908c-059c42044d1f
mcstorm_io_ceyik,a9c111cf-06d1-3d74-a40b-c7027141e696
mcstorm_io_gfohh,c930da6c-3ced-3991-ad90-2ac1b460d55e
mcstorm_io_upott,74551240-8863-34b6-b8a6-7070ef1efc8b
mcstorm_io_ximyf,8def5aab-277a-30e7-8631-c243c70d8eb5
43victxr,7f17cd8d-0649-32ac-b33f-6000067504ad
mcstorm_io_etnwd,f809444f-4453-3d6e-8729-e275b65507dd
dylantag24,bd13f4d4-57b4-33f9-8a4a-d7b962eacb62
eduardo2451,bc46cacb-fe37-3044-9ec5-635e8089df64
mcstorm_io_mvcnw,51466c75-f05a-3b73-a716-90fa6eab1e96
kekenobruto,0c3290ed-ec2e-3f8d-9488-eea114ba8ba4
mcstorm_io_xhacn,1c8c3559-0d49-39e6-91e8-534835a093ae
mcstorm_io_lasqr,7febc422-e8a1-3edf-a013-e1ff200969d8
brayanzin23,4ce4ee4f-b58a-3466-af9b-38e298c34657
mcstorm_io_lwets,98332f92-3a99-3fc6-afac-69f9be4ec48b
mcstorm_io_waboi,a5be0396-3b4e-3024-b7f6-0f62ec1ed71d
mcstorm_io_wpwlc,d7910413-3770-37f1-a3d4-bff8a9b87d32
mcstorm_io_ootnc,ffa9ddd2-43a9-3b17-836e-a30a43725225
mcstorm_io_hobtd,e626888d-994b-3b73-b5b2-28919636c059
asuna2502,fe32040d-6d34-360f-881f-b3c0a5154568
jordirojo31,26ceda46-1585-33f3-ba2c-6cd170aa9adf
mcstorm_io_rksed,d4279324-a350-3d0b-87ed-42f9642c97d5
lospro77,be62ea79-9bac-3d48-b1c6-715107d12fb0
mcstorm_io_gmdzc,c07d8661-7875-32a7-b766-3b7762d7833f
cacahuate247,6b706ed2-4e86-37e3-b354-9f166b0363dd
mcstorm_io_wluts,a0315d49-e8ab-3a71-9eba-2e76f37077fa
mcstorm_io_ialtr,3d4c76a6-224d-3e00-9ed4-341f65b1a9a0
tangasrosas,eca4cab8-a2c8-33d7-9944-bbf371d8f517
mcstorm_io_wlpjq,b5e73ed8-e1b5-311e-b925-d43df20fcbbb
mcstorm_io_sckrq,3dffe824-2df7-36f0-9171-52098a268a66
master_kombac_2,91157c42-4c23-3206-801b-ef22e7a4c1ee
alexxusr,2dfd07de-7cf2-39e5-81f6-39fba88ed211
mcstorm_io_jnnxq,f3e9bbb6-41a7-365f-93fb-946c4fc378c8
mcstorm_io_ldhpz,83779532-9e77-3b36-b467-c2157f147b40
mcstorm_io_dpcgt,d137f8da-7dcd-3f28-bf83-16e81188b1c1
mcstorm_io_enzyz,9f86fac4-9561-337d-9c69-f5538034fd82
mcstorm_io_bflpk,d985ab3c-e21b-317c-9751-88f55d541253
mcstorm_io_txdic,a0bbf12b-af9f-33bf-a87b-2f42a4bf582e
andalucianboy,b09266b8-c892-3084-8762-e015d991ddf9
destiny_pokemon,604a1db1-5c60-3be6-b3f4-67244ab8d329
mcstorm_io_augus,d13a4704-2ffb-3f68-99fc-db10642cfa1f
polgispert07,a66124e9-fc15-3857-aa42-6031d3dc84f3
abmati,e717098e-d2b9-3edf-9189-762e3bdecee9
mcstorm_io_geizl,1886a680-c083-3cb8-843f-0e5c3bdc1308
mcstorm_io_xrcct,d41ce34d-0995-3128-9e1a-dee3e36b716d
jaivan,f62bdf19-1b0b-3ae2-864c-67559bfc86c7
mcstorm_io_kbdkl,a1a9018d-dbb7-3d96-a581-f1b61828f742
vuanpis,b4454dba-37d7-3a61-bf42-60538d754c1d
mcstorm_io_ysugo,30cac311-0ecf-34e4-ab1f-ae64ba0ee781
mcstorm_io_ooizv,8958d489-987f-3fc1-a760-3be01945a622
jaieh11,21fa3842-c0cc-359a-b012-a8d548d79ba5
mcstorm_io_jcggq,477f7d63-33aa-3007-98e2-3232dcf261bf
mcstorm_io_kyvhp,92c110f0-7bbb-35ef-8c64-e05e1773f90f
mcstorm_io_juxtp,b93071e6-4095-3b4c-8f89-6ed0d398bf36
mcstorm_io_dmrmf,60add4bb-6ead-37d3-b458-b491fc25ec91
mcstorm_io_xkiex,6d7fcbc9-13c3-3e81-9351-39150f7af507
mcstorm_io_lzsde,3aee8c47-8775-3fe4-b634-9cd2d5184176
zplus_11,e52b52bf-9119-3614-a19d-3fe1a073e41a
loidi3piernas,c7958c79-21c9-3249-a2c2-f0f9093f315f
mcstorm_io_gqftc,2b025a8a-bd3b-3ad1-b4d7-1598f2ff0b7b
mcstorm_io_nwngs,b9b27eeb-e1ad-352a-8ba8-f4bdc076dcf9
mcstorm_io_ozeql,d9dad807-2c36-3ee5-8152-34c1f0edc809
mcstorm_io_mwxxo,250fd77b-8d09-3559-97d2-cb365ab335dc
thedanirex08,aa3a6854-147f-3378-8e04-079e81e39a47
mcstorm_io_bppyc,1904d193-a364-38e0-99d7-6e1431c5f8b4
mcstorm_io_fskra,ba5faa41-149d-32a1-949c-0776ff48bdb1
mcstorm_io_lcpbm,aa62acf2-b387-3620-a63f-10d02ec0df5d
leomessi06,23e5b20d-5637-3f2b-82ce-7f7d4dbfadc4
mcstorm_io_rqdui,0af5e533-89e7-35c1-9580-73e3b7ee158c
patata122,cd6b4f77-852c-3279-b089-08ee7beeb745
mcstorm_io_tiplj,44a6b693-0508-3401-9673-cdc32ccac450
mcstorm_io_noags,6c508980-15d3-34dc-a7e1-231a17e66191
mcstorm_io_noywk,cda920fb-086b-33c1-ad5e-c737b46fa01b
goonzo_,b3d931c9-aab0-3d51-8cbe-b4c076163c8f
nikkifrankli,6aabb734-8879-3bcd-9cfe-0e6a999bb90e
mcstorm_io_yfqhk,28612e3c-b932-3a4a-b594-33561807cef3
mcstorm_io_rsyyi,4829f031-935e-3683-abec-0246c879fbd8
mcstorm_io_hkaim,645206af-e76c-31c8-8279-97519fe257dd
mcstorm_io_srtjv,7a250c39-4392-3ae4-b78c-08b01a4516a8
mcstorm_io_smmku,5042589a-33de-3b84-aba3-8dd2db67a8fd
mcstorm_io_utfrh,02e091e4-3444-30ea-971e-414e00d3bb09
mcstorm_io_wjqne,c575766f-653a-35d5-bbc5-611f4c8afa4d
iron_trulyt,d2242956-b7c3-3c1a-b6e7-a9aa51ce604c
mcstorm_io_rbexg,bb017722-e0a8-3fcb-8b90-411b4d9e794f
mcstorm_io_vxbbz,aecd9027-622e-3f61-bf45-cb408d9ad866
_popette_,186ae50e-93df-3e63-b659-66a3010f95ad
mcstorm_io_qphpm,7ccfd2ee-42d8-37a0-9e2b-47a770269edf
mcstorm_io_pupmg,edb2f2a0-38b7-396e-9b36-1211e630dc08
mcstorm_io_pkoht,e84b9864-6ed1-39e4-b968-e87d16cd2b73
carlitroke777,cf41ce59-7b6b-3278-8950-47a51665a8e3
mcstorm_io_eevxb,e5b785d8-9f5e-3d13-9984-ae4489f38b4c
mcstorm_io_fbfdv,ff56cce4-fc42-383d-80cf-c769f541f12f
mcstorm_io_rzrkc,1706d43b-8477-3c89-8021-469d019007db
mcstorm_io_qtbxk,e388457a-bfb7-30f2-8235-efc6d8be6640
mcstorm_io_vyxlc,ba4879cd-c9e9-305c-9497-9f3d1041cfff
mcstorm_io_ucknt,cdcea21b-7bff-3545-b2ff-f993283658aa
mcstorm_io_uleft,4934531d-c4ab-3ee0-b425-aa326b0e393d
mcstorm_io_xoulv,1820cf6b-8bf7-3b85-9a93-99d52a908a0e
mcstorm_io_aflpj,66d536e9-d8e8-30ef-85a4-b8231358a1e9
mcstorm_io_cfhob,bb63fb1b-21ce-327c-87fb-2c3a870c7b4c
mcstorm_io_jnhxv,094d971f-e238-332c-895e-109b3746f4f8
axeel_vivo,5c0b1413-bef5-3d5d-b560-98a2e9ad549f
mcstorm_io_tyzej,b18a5ee5-2c7b-365c-b406-07ab2e7ea13e
sebascrack01,bf169d41-59f5-384d-8a5a-865a2339a2f9
mcstorm_io_rlatd,cb94a8d0-1e30-340a-9a12-402d90ca2f7d
jordi_prro,246d8167-ab76-335c-b36c-b706327fff22
mcstorm_io_tsvom,3ac26bb3-5e90-397e-a5ba-2185c54cd8c4
mcstorm_io_dzrns,f0ed8468-5663-3439-b321-bb35db336973
mcstorm_io_nvytn,7e35c827-5bb7-370c-924f-181710f96bc1
solpro4k,6786d95e-3978-36e8-b4f3-8aa7e30de1ce
mcstorm_io_adjqy,a4642ed3-7644-3fa3-a82a-c920ac2cd363
mcstorm_io_dxkfm,4a9e5bfd-a834-372e-999c-29dc4a3a3fd8
mcstorm_io_asnma,00617799-318a-3e58-a980-9e0f0c15c6b2
marietta,a080ddfa-8259-329c-a182-e671bb6cd8bb
mcstorm_io_jqfkc,b08d0326-9606-3c22-9716-f46e055eaa09
deathhack,e6a384a6-f1f3-3ad1-ad57-fc28f3afb58f
mcstorm_io_lndvp,828fd684-91dd-340b-a4ef-68c0e29d46ff
mcstorm_io_jbgwd,f63b0cdb-113f-3e4b-91ef-da547ce18164
mcstorm_io_shuhc,e2add2e7-4170-3817-a82e-5b282debdfa0
mcstorm_io_qzjyc,b432ffb4-7ecd-3594-8139-947c267a081b
mcstorm_io_lgwpl,f362df5e-9a9f-3b4b-aff3-329d8b0c1874
mcstorm_io_nrnjr,5fc8b0e8-4371-381d-90bd-da2f0abc16ed
maot,63e2bd0d-b900-3783-9ad4-78c4aec706c2
mcstorm_io_ueqrb,0398604a-2dde-341c-a571-cf2edcbed2d2
mcstorm_io_xnwtv,b40e04e4-0001-35b3-8851-8aa514f76d7b
mcstorm_io_bodgo,a9ed3b22-daac-3ca5-b950-1c8fa59728fc
_exder_,2eccfca3-6e7f-3bf0-8878-c3d469b59f74
mandarina828282,b183c54a-e494-32d1-b48d-a504d3d0d30a
xxmartxx,855af90f-c476-3b9a-8827-8911c2e05704
mcstorm_io_fiuov,5acd779d-806f-380d-b0d0-d1113f075f68
mcstorm_io_syanb,df35cd4d-cdcf-3f03-8fb6-c591b227e200
mcstorm_io_lfepg,c1c6ddc1-b428-35b9-8d55-c0649805dd7f
mcstorm_io_oqhen,f7d2a40d-4a16-38d2-a433-3f5cbbcc660e
mcstorm_io_knutl,5dc3110f-e543-39cb-9ae2-542ebf25dab6
clammybelt24083,a7f80d75-0168-3741-8d0a-ec8aa71f0a09
mcstorm_io_giqkm,73d184ba-d10a-3259-851a-9fada153eebe
mcstorm_io_tqyyk,8b544bd6-10e8-3619-8ce1-e1234e8ff4c2
infernus,97b661d5-db75-3476-8ca5-e8b01446d6b9
mcstorm_io_wzdhq,6efa8fa8-ac99-3655-997a-b5c0a1233ccf
mcstorm_io_eakpw,b56ace3f-5071-3119-8208-21ed8638a588
mcstorm_io_ntspl,72915778-534d-3e97-9cfc-b6974fb13b60
mcstorm_io_mkecx,fa53b2f6-1b93-3f86-ac1b-c5d41cd624ef
mcstorm_io_qyqgs,230c1dee-b359-3137-8c13-b851280d2b76
chikylocker,916c689b-9156-3028-a32d-b0908fb16ab5
mcstorm_io_shkvf,7f754b3b-63c7-3537-a55a-2ec03ba3fb30
mcstorm_io_mqyyx,a43a7c7b-6fcb-3765-88f2-9af07a469dc9
mcstorm_io_idzsy,ed1c9f35-072f-30ae-9b32-59786dcedf10
oliver,0e704fb8-0eb9-343d-b14e-e5eaea66a47a
gamer_knowx,85528700-c0b3-3c78-8bac-d6989fcd9ce8
axel_970,bf977c18-0c1a-3c45-9030-821117f759f8
mariiog05_,7287b55d-96da-3de7-9cd5-dcf6c76424e3
mcstorm_io_fgzzj,5b4eb3b3-7185-3938-a0b7-c4c796d91cff
zclips2344,df0d9909-c719-327e-bd34-d3427b8a421f
mcstorm_io_jxxuu,4f62ab1c-c8df-3096-9a04-8a38dc04bb76
mcstorm_io_ubsdw,cc7703b1-a3a6-393f-9f89-e4e293ee1a82
mcstorm_io_ygykr,39505bc3-6760-38cf-9770-9beee1f79301
xxlrayxx,f25041f7-59d2-3be6-a070-71ea41982d28
alba_n_c,51100631-3e1a-3828-b70e-2768d07fd17f
mcstorm_io_hporl,dfc0be89-2275-3c96-bbad-d195ab518d86
mcstorm_io_precq,becc29a3-007d-3c8b-a57d-36f0b2ce26f0
itz_luxy,c7d25150-0eff-3d51-b609-16c7acbe0f87
mcstorm_io_zzxux,158b7541-7269-310b-9707-34d59849a339
mcstorm_io_nlemo,4de2e034-4740-31c4-a1a4-049e3411e192
630alacran,755be4d4-4975-3079-9c76-ca13aea34503
mcstorm_io_usttu,cdd5016e-19b5-393f-bec9-137fb3e7d75e
mcstorm_io_eeizs,7ae641e5-54a5-3c0f-9323-52d35f0730da
mcstorm_io_ahryg,dc75d3d6-caf7-3142-8848-1c56924fccb6
mcstorm_io_skymg,49cf46b6-8e4c-30f0-b086-6f618f37c1b9
mcstorm_io_yerbl,84ace1d7-0e39-32cb-90ee-8b3f56325e05
hasvok1,e245b564-e2fd-33d2-9190-424fb0ebf428
mcstorm_io_mbydh,50b7dc76-dc97-3e61-83a2-ce8886278f12
mcstorm_io_pyzxb,131439af-776b-3ded-bee5-7dbf32526314
mcstorm_io_bcvuh,6dac47d6-6354-39a7-b054-47b0b85ed002
mcstorm_io_fhzxj,2bf366e0-aa6f-3c6f-9642-e99ca8b59dad
mcstorm_io_qatwu,a277950f-ffc1-3a7a-80a9-7ee7a81977a3
mcstorm_io_fekcc,97ab45df-0a80-313b-bb7f-ccbaca55364e
pericoandalu,ba1285e9-db21-3146-b075-7be29a1cf210
mcstorm_io_gyczx,7d079cff-cce6-37b0-aca3-1421e71274c1
mcstorm_io_avrpv,ce2b94cb-785d-3bef-8679-9465cd785486
mcstorm_io_gvjqf,53e6d444-e64e-383e-9ddf-01d0c57aff0f
mcstorm_io_msuub,6b0b3759-0a95-3024-8e07-136d07bc5be7
mcstorm_io_acpec,94e1e6e1-9bde-3791-8871-aa7957668e0d
mcstorm_io_vjmdc,2095344e-6680-3888-981f-4e55b8bf9cd8
electrowolf351,a82b31f7-8cc8-37b3-91ad-bac513ab82f0
mcstorm_io_yoxqx,6a893c9d-7c97-30cc-b15d-e711f5b15914
mcstorm_io_linvc,28dc507d-677d-31c0-abdd-d50424e70732
mcstorm_io_hjdmc,e721747a-fac6-3137-a638-575c09eee508
mcstorm_io_dimwz,133effdc-d5ad-3b30-a8c6-4736a47a43d8
mcstorm_io_qpuoy,73ffa534-6264-37e1-bfd1-4de184d771f3
mcstorm_io_guhso,5e1dbd72-70ef-3f86-8531-5e28231ad223
mcstorm_io_dahee,88939aa5-a9c4-3539-8df5-c95605828231
mcstorm_io_dwqrj,faf8186c-af06-3b84-a755-f1b3e337210f
mcstorm_io_svlqr,5c9ef432-5dfc-3d92-89f7-bf96ab923bdb
mcstorm_io_waywc,7b06fcc4-7cd9-3240-9bdd-44c2247a5808
mcstorm_io_wnjrm,53440f15-ce5a-3a27-81d3-a332cd2b3486
mcstorm_io_hcnyr,37ea8904-be67-32e9-9cb5-9d98e95e5d90
isanfuealo,a63af45f-3b16-3b88-aa5a-10c5ae1ce3e4
mcstorm_io_dlgaw,498cc53b-b8b7-3d4a-8af7-2de7eb340004
foxloxr4,56b22458-a8b7-31e3-a4e6-abc6f2152a41
mcstorm_io_pgimm,0ffedf14-6fca-3c43-b3f0-02fe0e28ec78
mcstorm_io_zodpe,b5d8674c-395f-3fc5-9d10-e728fa39e9bd
mcstorm_io_pprdi,fff44ad9-e8ac-3e04-9b90-a6526db3fa5b
mcstorm_io_mdamm,8b6f51c2-344a-33fc-a679-d0f1544022a3
mcstorm_io_jrpvm,09cad840-f6a8-3bbd-80fb-eca1e7e8a6e9
mcstorm_io_olbnu,2561d734-4e32-339a-aca3-08fc3f90cb55
mcstorm_io_ofcbb,0a7f077e-1523-3c22-9612-03a0a7eb160b
mcstorm_io_desmy,ed94a78b-2a4c-36bf-82cc-62a17bf85b62
mcstorm_io_yyqgi,f8d2e74d-c7d1-3345-ae70-dcabd8d3d2d5
mcstorm_io_nayxh,89f43740-3218-3674-832e-1ce1f71dfd73
danitwich,8ad3ce37-7a3b-389d-81ce-0919f5017df4
mcstorm_io_awtoi,cf11d96c-988a-3732-99a9-23433c37c334
heromarv,d9d0f48e-39f4-335f-81f0-9de7c1725bf0
mcstorm_io_huzzf,9e3e3d8f-2091-38f8-9687-91fce8a5c03f
mcstorm_io_qezyi,36b485b7-fa70-3744-a136-d42928fe8636
timbok2208_06,ba4fb6bc-e6d7-3e60-9b21-8d458cb6326b
mcstorm_io_chylw,556d2964-b2ac-3e76-a232-45c34ce3d45c
mcstorm_io_szuwz,481e5e18-492e-3392-8857-9c42672e1f70
mcstorm_io_hrkdt,ce551eba-0c96-3dcb-933a-de7af46f517e
mcstorm_io_ahbxx,9c56baac-6b29-3b95-ade6-ac213879991e
mcstorm_io_lfsfm,791d109a-bbf9-3a61-83fc-4cdc582b9b1c
mcstorm_io_wvjue,cc90eaf7-0a25-33e4-af2e-65d999d4016a
mcstorm_io_olfgf,e8d4131e-20f2-39a0-8efe-b2fd3ff70019
mcstorm_io_txuwy,73059b10-2579-334f-858a-6a1c11f6d9e7
nosoyel,239387be-298f-303e-930d-c5fcb4af6ef8
mcstorm_io_lzszs,27af2fdf-144d-3a86-a689-b4fd1fc00a7f
ambrocio8994,5d33f29d-17aa-3e15-831f-302291847a12
mcstorm_io_znskk,7c63249f-968f-3d4f-968f-bbedbdc40ef5
mcstorm_io_bysqq,a2f3a79c-d824-355b-8b4a-b7537553b6a2
mcstorm_io_yizcs,1b0399b8-3ede-3384-8def-49c7355b380c
mcstorm_io_qjvuk,1ca75dc6-ee7d-3eaa-a921-e11cc75d5f3f
mcstorm_io_dvhmx,0f1a9cff-296f-3383-8da0-462df94b2fbf
dark_gamer_dl,814a1a61-7987-35c1-ba96-6d18cdd6edd3
mcstorm_io_fkhvn,a24365bb-a5e4-3ba8-be26-8ac6dcabd7b6
mcstorm_io_jfvrn,b2ef419e-4018-3dbe-b9ba-6a522b0b6d3b
yasert,1aa54aa2-b3f2-3eff-a8f1-590edba7735f
mcstorm_io_bptnr,0d11c780-618c-3690-85e1-435ef093536f
ambuxd,00f4ec25-beb3-380e-a5a9-a52a75bc5d2f
mcstorm_io_iblgf,a63fb5b4-a9bd-3608-a48a-6de1ab49c0dd
mcstorm_io_olvgz,22e040b0-8877-32a2-ac09-64b7b475a8f2
tiburon912ml,4aabb9fe-33b3-3bcd-b709-e43e99d5494b
mcstorm_io_oluem,404e1420-3967-3e8c-a0de-af9411b397d1
mcstorm_io_dotxp,5a0599b2-d839-3d1c-ae0b-38e62638745e
mcstorm_io_vsene,cad08069-13cb-3326-ae75-0ed5bc18b614
santrox1911,13d0c709-f1df-3b67-be2b-f402628b3926
mcstorm_io_rzrcm,47df0c54-ef61-317e-88a8-06d3f4307fe7
foxysombra,6c639a3b-44c4-3779-8ac7-7bf03fd8fb1b
mcstorm_io_uwmmq,755105ad-cdbb-3b21-b674-955edfd00f50
penelope20,9e998982-0216-33ed-b751-887f9c319917
mcstorm_io_clkjx,9e3a394c-08cc-3032-bcac-7ba2a7c3c534
mcstorm_io_uanql,c5c4312d-814e-3c92-9f28-8bbba6104c4c
mcstorm_io_xpnsl,d4ef3e30-42cb-32f9-b6ed-681d0b4c6181
arcdoomgamer,2dbdcdc2-500e-3f23-b96c-67ab2adeb96d
mcstorm_io_gxciv,6386eb03-9b16-3c5d-99bd-fa0fb5b74d64
mcstorm_io_rpscu,d840a55e-4521-3898-b0d8-550e162ddbed
mcstorm_io_bcbnw,6cd36c90-d4ef-329f-b2be-daa2229a04db
mcstorm_io_penrj,83409f25-911a-398b-93e9-4ac40e0d0020
mcstorm_io_hjyeq,715dd284-0717-32b4-97ca-12948e29f714
angela,ab4fdeb0-3435-32a4-a4de-e536cc1eb8a8
fenixdemon,e93ddbd8-8d39-3257-a9cd-4ceeddbd0135
mcstorm_io_rcfqc,906a4817-a852-338f-a755-467ab3594d68
geekking,7ac02fcd-d669-3652-a3be-68e6b125b81e
mcstorm_io_vbheg,b1bb6184-da00-365a-8b7a-d56033b22422
mcstorm_io_dddxr,a72715c5-471e-3ea5-9295-65adbc339611
mcstorm_io_cbatf,c285c3b8-6e64-3d24-91a3-cc493226481c
mcstorm_io_leqrn,84903c65-a0c4-3e19-8df6-501e4596033b
mcstorm_io_iyxxd,83548d6d-112c-376e-860f-a51b0cd2664c
mcstorm_io_klzkl,c603fd26-2416-3d6f-8591-d93157bc6de2
mcstorm_io_shihc,9540673e-70bc-3ddf-922c-07a3570ca0c1
hadipe,e9352c12-1751-3752-b0e2-946c4d0a2ab8
mcstorm_io_rmfpe,4e4f50e7-3798-3d55-8d4f-e383764896c4
assesing,4a4fa0a6-8ef4-3366-b3b7-5c07c808f8ba
mcstorm_io_vrgtb,66025b73-a722-3f48-a6b4-b7a3af62a1fe
mcstorm_io_oxlqe,9af622a3-4721-30c6-9114-639b521ac03e
mcstorm_io_xlfpy,7ad9eabd-facb-3492-87e3-b3395d6d5e55
mcstorm_io_xmkwq,0507247e-4b3b-39af-a518-53ab5263e4f7
mcstorm_io_beaew,26b57dbe-99bc-340c-94ac-e5ebba2d0045
mcstorm_io_tuzhy,3ab4a543-bb3c-3220-a890-52c8091c7af6
mcstorm_io_tltvg,671e4ade-5f4b-3282-884e-04e8ccd9be85
mcstorm_io_ubuzh,1b466bb7-17fc-3fa1-bb17-e254616e4aa0
mcstorm_io_ioeqf,1197173d-4e55-33e7-898f-c4b013f1755d
umynsc,d1cc2e6c-a33d-3187-8ed7-70a68abac855
mcstorm_io_mbzpt,27991fb8-d401-31b8-ae61-3a1cfea27cbe
mcstorm_io_yqkow,aeff1543-324a-3dac-b9ad-9eae5c71f213
mcstorm_io_weygw,35ddc168-228a-31cf-aa1f-2ca3ae92d00e
mcstorm_io_schvo,94b4be08-fb69-35cb-85ca-35a6febcbab1
mcstorm_io_jpajv,8e42e320-7708-3817-8b3b-4bea83135fb6
mcstorm_io_wljut,0e6feed3-b5e1-3d67-ab63-f373602d58d3
mcstorm_io_bkopl,6c71cb05-74e4-3b74-8d22-9ffe47a298dd
mcstorm_io_dvabv,36416a83-baf1-3830-b19a-f4375374b76d
mcstorm_io_mgjal,ea8863c0-1e7a-3459-b55b-d11f31c68e53
mcstorm_io_niqdz,253ea39e-997c-33ed-a1b5-fb846eb25150
mcstorm_io_gcvou,c0c2549b-5788-3169-b91a-59c8c346d8a7
mcstorm_io_hhovw,c60362f5-6dfe-31a4-8586-adb119f5aab0
mcstorm_io_ceizv,a46e494a-3d6c-386d-bd72-b3e86942521c
zdanii2008,88220660-9fa5-3eda-a23b-0d5608712952
mcstorm_io_lnavq,ce975918-0aec-3430-b754-9bad0abe3819
dasdwa124,a8f86a74-de63-3d91-a63e-1037c0b6c83b
mcstorm_io_cailw,76ffda03-3cd2-3cb6-8a0c-1c4436f396a9
mcstorm_io_fthxi,189a5874-1c55-3ec0-bd99-e71881a24623
rusiainvadida,08941b0d-783f-3ead-b50f-db1faa9e4a61
vnfhfhj,4f981fb7-f595-3c24-814e-be8eb76cc20c
mcstorm_io_mwygq,a66cc8a7-d633-385d-8a80-1d2fcb7439cc
mcstorm_io_eauea,83c91be9-ed81-3d5c-8e76-f38e6934db7d
mcstorm_io_nbhhj,a3be2f58-af1e-32ea-947f-fd99b7a35dc3
mcstorm_io_wohab,9ab2dfec-56ca-38bf-a2ca-7969dd51edf0
mcstorm_io_vojhs,9bd66a7c-884e-316f-9b37-276c8db7bee8
jonauwuxd,7940eb5e-1a9b-3fc3-b07d-b87f2f412ab7
mcstorm_io_ahwjq,5a885d61-b84b-39e5-8cc9-e4d96998edba
mcstorm_io_enyfw,e817e2aa-0578-3d34-a5f5-1ae317351fe6
mcstorm_io_tlllg,2bdb873a-e59e-3eda-be65-71c00cbd70d5
mcstorm_io_xeaux,a5bdb0cb-e71b-3ef0-8a95-7710bfacb354
mcstorm_io_fjrhm,7104edf2-89a2-3504-b3f1-5c84ebed3dac
obethsito,445bfb57-5025-3828-b797-9fb48a5dd1ed
alex_970,1ddf7c9f-961b-3369-b22c-cd51b90f2a30
zswipping,71d000d2-dd6c-37d4-905e-011ad7586ab6
mcstorm_io_ppihl,ca1576b7-4931-38e5-ac5a-fef19a9bb9e9
mcstorm_io_iinrz,87612ecc-4a40-38b8-9d2b-9239ae055cf5
mcstorm_io_kzbou,bc2c11bb-3c41-3711-a26b-6d2be68a6589
mcstorm_io_nmknp,7464a96c-9581-322a-b38f-969574805062
tax,333350c9-c230-30e4-b0a8-7c25bd88bf54
mcstorm_io_bwifl,b26d14a7-f02c-325b-a44f-fdb0ad4fd184
mcstorm_io_ruxbe,6f9653db-1940-35f3-8d0f-21dedbf397d7
catalin34yt,0a2f6800-6ab5-33b6-aaca-510f76ca7b55
mcstorm_io_kyaps,f621688d-6277-36a7-8cdd-651c9291d88e
maxiowu,361c7cc3-5744-314b-bd90-a07f61e33b77
mcstorm_io_fjcle,7aa93757-3c12-35fd-a455-fea7a659f989
mcstorm_io_maioi,b51280bc-741b-39dd-b652-715c293130fa
mcstorm_io_apepi,71f8e6c0-08b9-3339-bc15-268f2e164020
mcstorm_io_fgbsm,570fd588-c50e-3785-a69c-448dccf71b02
mcstorm_io_wtrgu,bbcf2dd1-d362-3114-8e9e-760fb9d7ec51
mcstorm_io_rivbo,14e2dc22-349d-38cd-9191-df9ba8e2f304
mcstorm_io_uivmi,f799ada0-b145-3425-b70d-80b968032e7d
mcstorm_io_xdnsg,3a264f9d-3641-3a0b-b786-0cdb95fe74ec
mcstorm_io_quoiq,f305da9f-b5a0-378d-8a8a-6c87681d96ea
mcstorm_io_cjtes,2e2e5fdc-82b6-3fa9-a392-776331fe3453
acro_xz,4a058f75-4c25-366d-953e-d77f690b25db
mcstorm_io_xngib,5ee2d2db-ff74-38e9-9bb8-8c533ae0acdf
erenpalomoyeager,7be1a9f9-dc90-3e01-98d4-03d1034339b6
mcstorm_io_erbol,eef088f8-2c6e-3256-b01c-47b61a4124db
mcstorm_io_sydpw,27dbd6ec-63e5-34f7-a8ba-74c701bef74d
mcstorm_io_fswzk,2bc17489-58ba-3be9-84ad-003d0f511a09
mcstorm_io_qcsiw,0221dde5-47df-37e4-be58-3c67a95652bd
mcstorm_io_ovzvy,080d32d7-8abd-31f7-bc25-b1d5f19ea8e7
mcstorm_io_ajpud,10bbd1a4-ae05-3c14-bf98-a8f1e94df7b7
mcstorm_io_rkjaz,62558396-58cc-3ba0-9b5d-2364e9038b12
mcstorm_io_vpuym,71131c5f-cd12-3602-8a1e-26905c0d230e
patitocraft11,43bfb2ad-7906-300d-adff-1294708028d0
mcstorm_io_rowph,a7d38cb3-2127-3c2b-91ff-bac14073a4c7
mcstorm_io_zmskh,52d7da13-d5e3-36f9-a332-ec505e2cbbd3
mcstorm_io_epats,9fa18595-0e2b-39d7-8410-5a7c1716099d
mcstorm_io_ejivl,45340a54-77d3-3ca4-ae0b-7a84d39170d4
mcstorm_io_uahgf,a8f7ed6c-b563-3739-889a-893faad00f51
mcstorm_io_ckvel,a28e793d-5d38-378f-86aa-0896ab848469
mcstorm_io_wwyne,542ddf08-9751-3e9f-a6f2-85afdf343700
lorelay,89397636-ebe7-34f5-a385-04a48b4e0c0b
mcstorm_io_rxwuw,e9b578b3-bebd-364e-ba5f-df128179eac6
mcstorm_io_rxmba,3942ae40-cb28-3e94-829f-405bef41d083
mcstorm_io_ttylp,7fca72ac-4a73-3f34-a00e-69ce1d7f0a9e
panchito5647,71eab57f-4681-3dd8-b623-58a104e68fc2
yerardy,3caf7e09-8654-3e40-a462-54ea9e50f50a
mcstorm_io_pffbo,3624b14f-8f8c-3183-bcef-6b9689608be3
mcstorm_io_xfkhx,bd06bdab-4633-34e3-8918-fba21504e0c2
mcstorm_io_eahon,c96b9ad4-02e6-3540-8f4d-e50dba15044b
ricky_mg27,743c5ab7-4c9b-3124-b107-1b9bed35bd37
